Player,Team,Games_Played,Minutes,Points,Rebounds,Assists,Steals,Blocks,Turnovers,FG_Pct,FG3_Pct,FT_Pct,Plus_Minus
A.J. Lawson,DAL,42,7.4,3.2,1.2,0.5,0.2,0.1,0.3,0.446,0.26,0.652,0.4
AJ Green,MIL,56,11.0,4.5,1.1,0.5,0.2,0.1,0.2,0.423,0.408,0.895,0.9
AJ Griffin,ATL,20,8.5,2.4,0.9,0.3,0.1,0.1,0.4,0.29,0.256,1.0,-2.6
Aaron Gordon,DEN,73,31.5,13.9,6.5,3.5,0.8,0.6,1.4,0.556,0.29,0.658,5.8
Aaron Holiday,HOU,78,16.3,6.6,1.6,1.8,0.5,0.1,0.7,0.446,0.387,0.921,1.1
Aaron Nesmith,IND,72,27.7,12.2,3.8,1.5,0.9,0.7,0.9,0.496,0.419,0.781,2.2
Aaron Wiggins,OKC,78,15.7,6.9,2.4,1.1,0.7,0.2,0.7,0.562,0.492,0.789,1.2
Adam Flagler,OKC,2,7.0,1.5,0.0,2.0,0.0,0.0,0.0,0.143,0.167,0.0,0.0
Adama Sanogo,CHI,9,7.3,4.0,4.0,0.0,0.1,0.0,0.6,0.519,0.0,0.667,3.8
Admiral Schofield,ORL,23,3.7,1.1,0.7,0.3,0.0,0.0,0.2,0.385,0.375,0.0,-0.6
Al Horford,BOS,65,26.8,8.6,6.4,2.6,0.6,1.0,0.7,0.511,0.419,0.867,6.5
Alec Burks,NYK,66,18.4,10.4,2.3,1.3,0.4,0.2,0.7,0.369,0.376,0.868,-3.9
Aleksej Pokusevski,CHA,28,14.5,5.2,3.2,1.3,0.5,0.5,0.7,0.405,0.327,0.732,-2.6
Alex Caruso,CHI,71,28.7,10.1,3.8,3.5,1.7,1.0,1.4,0.468,0.408,0.76,0.1
Alex Fudge,DAL,6,6.7,2.5,0.8,0.0,0.5,0.0,0.3,0.4,0.2,1.0,-6.5
Alex Len,SAC,48,9.3,2.5,2.7,1.0,0.2,0.7,0.6,0.617,0.0,0.588,3.0
Alondes Williams,MIA,7,2.2,0.7,0.1,0.0,0.0,0.1,0.3,0.25,0.0,1.0,-2.9
Alperen Sengun,HOU,63,32.5,21.1,9.3,5.0,1.2,0.7,2.6,0.537,0.297,0.693,0.8
Amari Bailey,CHA,10,6.5,2.3,0.9,0.7,0.3,0.0,0.4,0.333,0.125,0.857,0.5
Amen Thompson,HOU,62,22.4,9.5,6.6,2.6,1.3,0.6,1.5,0.536,0.138,0.684,0.7
Amir Coffey,LAC,70,20.9,6.6,2.1,1.1,0.6,0.2,0.5,0.472,0.38,0.859,-1.3
Andre Drummond,CHI,79,17.1,8.4,9.0,0.5,0.9,0.6,1.0,0.556,0.0,0.592,0.3
Andre Jackson Jr.,MIL,57,10.0,2.2,2.0,0.9,0.3,0.1,0.5,0.5,0.37,0.727,-1.6
Andrew Funk,CHI,5,2.7,0.0,0.0,0.0,0.2,0.2,0.0,0.0,0.0,0.0,0.8
Andrew Nembhard,IND,68,25.0,9.2,2.1,4.1,0.9,0.1,1.5,0.498,0.357,0.804,1.0
Andrew Wiggins,GSW,71,27.0,13.2,4.5,1.7,0.6,0.6,1.2,0.453,0.358,0.751,-0.8
Anfernee Simons,POR,46,34.4,22.6,3.6,5.5,0.5,0.1,2.7,0.43,0.385,0.916,-7.2
Anthony Black,ORL,69,16.9,4.6,2.0,1.3,0.5,0.3,0.8,0.466,0.394,0.613,-0.5
Anthony Davis,LAL,76,35.5,24.7,12.6,3.5,1.2,2.3,2.1,0.556,0.271,0.816,2.0
Anthony Edwards,MIN,79,35.1,25.9,5.4,5.1,1.3,0.5,3.1,0.461,0.357,0.836,5.5
Anthony Gill,WAS,50,9.3,3.8,1.9,0.7,0.3,0.2,0.5,0.469,0.244,0.806,0.1
Armoni Brooks,BKN,10,10.4,4.2,1.8,0.5,0.1,0.1,0.3,0.326,0.344,0.5,2.8
Ashton Hagans,POR,19,16.6,4.2,2.4,2.8,0.6,0.5,1.6,0.408,0.32,0.824,-0.2
Ausar Thompson,DET,63,25.1,8.8,6.4,1.9,1.1,0.9,1.3,0.483,0.186,0.597,-3.7
Austin Reaves,LAL,82,32.1,15.9,4.3,5.5,0.8,0.3,2.1,0.486,0.367,0.853,-0.5
Ayo Dosunmu,CHI,76,29.1,12.2,2.8,3.2,0.9,0.5,1.4,0.501,0.403,0.81,-2.1
Bam Adebayo,MIA,71,34.0,19.3,10.4,3.9,1.1,0.9,2.3,0.521,0.357,0.755,0.7
Ben Sheppard,IND,57,14.3,4.4,1.6,0.9,0.6,0.0,0.3,0.393,0.314,0.885,1.2
Ben Simmons,BKN,15,23.9,6.1,7.9,5.7,0.8,0.6,1.8,0.581,0.0,0.4,-2.5
Bennedict Mathurin,IND,59,26.1,14.5,4.0,2.0,0.6,0.2,1.6,0.446,0.374,0.821,-1.6
Bilal Coulibaly,WAS,63,27.2,8.4,4.1,1.7,0.9,0.8,1.4,0.435,0.346,0.702,-6.7
Bismack Biyombo,OKC,40,19.8,4.4,5.2,1.3,0.3,0.9,1.1,0.565,0.0,0.481,-1.6
Blake Wesley,SAS,61,14.4,4.4,1.5,2.7,0.5,0.1,0.9,0.474,0.218,0.667,-2.4
Boban Marjanovic,HOU,14,5.1,3.2,2.3,0.4,0.1,0.1,0.4,0.529,0.0,0.643,-1.4
Bobby Portis,MIL,82,24.5,13.8,7.4,1.3,0.8,0.4,1.1,0.508,0.407,0.79,-0.1
Bogdan Bogdanović,ATL,79,30.4,16.9,3.4,3.1,1.2,0.3,1.4,0.428,0.374,0.921,1.6
Bojan Bogdanovic,NYK,57,25.9,15.2,2.7,1.7,0.5,0.1,1.8,0.454,0.398,0.785,-6.1
Bol Bol,PHX,43,10.9,5.2,3.2,0.4,0.2,0.6,0.4,0.616,0.423,0.789,0.3
Bones Hyland,LAC,37,14.6,6.9,1.5,2.5,0.7,0.1,1.2,0.386,0.326,0.783,-1.8
Bradley Beal,PHX,53,33.3,18.2,4.4,5.0,1.0,0.5,2.5,0.513,0.43,0.813,2.0
Brandin Podziemski,GSW,74,26.6,9.2,5.8,3.7,0.8,0.2,1.2,0.454,0.385,0.633,3.6
Brandon Boston,LAC,32,10.8,5.2,1.6,0.4,0.3,0.3,0.8,0.404,0.269,0.697,-3.5
Brandon Clarke,MEM,6,22.4,11.3,5.3,1.5,0.8,1.0,0.5,0.559,0.167,0.143,-1.3
Brandon Ingram,NOP,64,32.9,20.8,5.1,5.7,0.8,0.6,2.5,0.492,0.355,0.801,2.7
Brandon Miller,CHA,74,32.2,17.3,4.3,2.4,0.9,0.6,1.8,0.44,0.373,0.827,-6.9
Brandon Williams,DAL,17,6.6,3.2,0.8,1.0,0.1,0.1,0.4,0.37,0.2,0.647,-3.4
Braxton Key,DEN,20,3.0,1.1,0.9,0.5,0.1,0.1,0.1,0.412,0.4,0.75,-0.6
Brice Sensabaugh,UTA,32,18.3,7.5,3.2,1.7,0.4,0.2,1.5,0.39,0.296,0.902,-5.4
Brook Lopez,MIL,79,30.5,12.5,5.2,1.6,0.5,2.4,1.0,0.485,0.366,0.821,3.5
Bruce Brown,TOR,67,27.8,10.8,4.2,2.9,0.9,0.3,1.3,0.478,0.323,0.824,-3.4
Bruno Fernando,ATL,45,15.2,6.3,4.3,1.0,0.6,0.6,1.0,0.583,0.0,0.667,-2.1
Bryce McGowens,CHA,59,14.9,5.1,1.7,0.9,0.4,0.2,0.5,0.439,0.333,0.776,-3.9
Buddy Boeheim,DET,10,8.4,3.4,1.0,0.3,0.0,0.1,0.0,0.31,0.32,0.8,2.1
Buddy Hield,PHI,84,25.7,12.1,3.2,2.8,0.8,0.5,1.2,0.436,0.386,0.881,0.8
CJ McCollum,NOP,66,32.7,20.0,4.3,4.6,0.9,0.6,1.7,0.459,0.429,0.827,3.0
Cade Cunningham,DET,62,33.5,22.7,4.3,7.5,0.9,0.4,3.4,0.449,0.355,0.869,-5.6
Caleb Houstan,ORL,59,13.8,4.3,1.4,0.5,0.3,0.1,0.3,0.388,0.373,0.808,-0.5
Caleb Martin,MIA,64,27.4,10.0,4.4,2.2,0.7,0.5,1.2,0.431,0.349,0.778,1.0
Cam Reddish,LAL,48,20.5,5.4,2.1,1.0,1.0,0.3,0.6,0.389,0.336,0.759,-1.0
Cam Thomas,BKN,66,31.4,22.5,3.2,2.9,0.7,0.2,1.9,0.442,0.364,0.856,-3.0
Cam Whitmore,HOU,47,18.7,12.3,3.8,0.7,0.6,0.4,1.0,0.454,0.359,0.679,-0.6
Cameron Johnson,BKN,58,27.6,13.4,4.3,2.4,0.8,0.3,1.0,0.446,0.391,0.789,-1.3
Cameron Payne,PHI,78,16.7,7.4,1.5,2.6,0.5,0.1,0.8,0.432,0.39,0.866,-0.1
Caris LeVert,CLE,68,28.8,14.0,4.1,5.1,1.1,0.5,1.7,0.421,0.325,0.766,1.8
Cason Wallace,OKC,82,20.6,6.8,2.3,1.5,0.9,0.5,0.5,0.491,0.419,0.784,1.5
Cedi Osman,SAS,72,17.6,6.8,2.5,1.7,0.5,0.2,0.7,0.479,0.389,0.673,-4.9
Charles Bassey,SAS,19,10.8,3.3,4.0,1.1,0.4,0.9,0.8,0.725,0.0,0.833,-2.4
Charlie Brown Jr.,NYK,8,4.7,0.8,0.3,0.0,0.0,0.3,0.3,0.2,0.286,0.0,-0.8
Chet Holmgren,OKC,82,29.4,16.5,7.9,2.4,0.6,2.3,1.6,0.53,0.37,0.793,5.2
Chimezie Metu,DET,51,16.8,6.5,3.8,0.9,0.8,0.3,1.0,0.504,0.298,0.906,-2.1
Chris Boucher,TOR,50,14.1,6.4,4.1,0.5,0.3,0.5,0.6,0.507,0.33,0.772,0.6
Chris Duarte,SAC,59,12.2,3.9,1.8,0.7,0.5,0.1,0.4,0.381,0.346,0.788,-1.1
Chris Livingston,MIL,21,4.3,1.2,1.0,0.2,0.1,0.0,0.2,0.5,0.2,0.75,-1.3
Chris Paul,GSW,58,26.4,9.2,3.9,6.8,1.2,0.1,1.3,0.441,0.371,0.827,1.9
Christian Braun,DEN,82,20.2,7.3,3.7,1.6,0.5,0.4,0.7,0.46,0.384,0.694,-0.2
Christian Wood,LAL,50,17.4,6.9,5.1,1.0,0.3,0.7,1.0,0.466,0.307,0.702,0.1
Chuma Okeke,ORL,47,9.2,2.3,1.7,0.4,0.2,0.1,0.3,0.357,0.28,0.571,-1.5
Clint Capela,ATL,73,25.8,11.5,10.6,1.2,0.6,1.5,1.0,0.571,0.0,0.631,-0.2
Coby White,CHI,79,36.5,19.1,4.5,5.1,0.7,0.2,2.1,0.447,0.376,0.838,-0.4
Cody Martin,CHA,28,26.9,7.5,3.9,3.7,1.1,0.6,1.6,0.381,0.314,0.606,-5.6
Cody Zeller,NOP,43,7.4,1.8,2.6,0.9,0.2,0.1,0.4,0.419,0.333,0.605,1.1
Colby Jones,SAC,30,6.4,2.1,1.3,0.7,0.2,0.2,0.3,0.394,0.091,0.545,0.3
Cole Anthony,ORL,81,22.4,11.6,3.8,2.9,0.8,0.5,1.6,0.435,0.338,0.826,1.4
Cole Swider,MIA,18,4.8,2.3,0.4,0.3,0.1,0.1,0.4,0.395,0.333,1.0,-1.1
Colin Castleton,LAL,16,3.7,1.5,0.8,0.2,0.1,0.0,0.2,0.563,0.0,1.0,-2.8
Collin Gillespie,DEN,24,9.4,3.6,0.9,1.1,0.5,0.0,0.6,0.464,0.395,0.667,0.6
Collin Sexton,UTA,78,26.6,18.7,2.6,4.9,0.8,0.2,2.1,0.487,0.394,0.859,-1.8
Corey Kispert,WAS,80,25.8,13.4,2.8,2.0,0.5,0.2,1.2,0.486,0.383,0.726,-5.6
Cory Joseph,GSW,26,11.4,2.4,1.2,1.6,0.2,0.1,0.5,0.359,0.31,0.571,-0.5
Craig Porter Jr.,CLE,51,12.7,5.6,2.1,2.3,0.4,0.3,0.9,0.509,0.353,0.732,-0.5
D'Angelo Russell,LAL,76,32.7,18.0,3.1,6.3,0.9,0.5,2.1,0.456,0.415,0.828,2.4
D'Moi Hodge,LAL,7,5.9,2.0,0.0,0.7,0.1,0.1,0.1,0.333,0.25,0.5,-5.0
D.J. Carton,TOR,4,8.9,2.8,1.0,0.8,0.3,0.0,0.3,0.375,0.25,0.8,-7.8
D.J. Wilson,ORL,2,7.7,5.0,1.0,1.0,0.0,1.0,0.0,0.667,1.0,0.0,1.0
DaQuan Jeffries,NYK,17,2.7,0.8,0.3,0.3,0.0,0.1,0.2,0.353,0.2,0.0,-0.6
Daishen Nix,MIN,15,3.3,1.8,0.2,0.4,0.3,0.0,0.3,0.375,0.353,0.5,1.9
Dalano Banton,POR,54,19.4,10.3,3.3,2.4,0.6,0.4,1.4,0.404,0.296,0.783,-4.1
Dalen Terry,CHI,59,11.5,3.1,1.9,1.4,0.5,0.3,0.5,0.439,0.23,0.581,0.6
Damian Jones,CLE,39,6.9,2.7,1.6,0.4,0.2,0.3,0.3,0.597,0.214,0.857,-2.3
Damian Lillard,MIL,73,35.3,24.3,4.4,7.0,1.0,0.2,2.6,0.424,0.354,0.92,5.3
Daniel Gafford,DAL,74,24.5,11.0,7.6,1.6,0.9,2.1,1.0,0.725,0.0,0.674,-1.4
Daniel Theis,LAC,60,16.9,6.3,4.1,1.0,0.4,0.9,0.7,0.532,0.366,0.76,1.0
Danilo Gallinari,MIL,49,12.8,5.7,2.2,1.1,0.3,0.1,0.5,0.437,0.323,0.857,-2.0
Danny Green,PHI,2,9.2,0.0,1.0,0.5,0.5,0.0,0.0,0.0,0.0,0.0,0.0
Danté Exum,DAL,55,19.8,7.8,2.7,2.9,0.4,0.1,0.9,0.533,0.491,0.779,4.3
Danuel House Jr.,PHI,34,15.0,4.2,1.7,0.8,0.4,0.1,0.6,0.448,0.3,0.761,0.6
Dario Šarić,GSW,64,17.2,8.0,4.4,2.3,0.5,0.2,1.2,0.466,0.376,0.849,-0.3
Dariq Whitehead,BKN,2,12.0,1.5,2.0,1.5,0.0,0.5,0.0,0.2,0.0,0.5,-11.0
Darius Bazley,UTA,9,16.9,5.3,3.1,0.8,0.7,0.8,0.9,0.6,0.25,0.833,-3.7
Darius Garland,CLE,57,33.3,18.0,2.7,6.5,1.3,0.1,3.1,0.446,0.371,0.834,2.0
David Duke Jr.,SAS,4,12.8,6.5,2.5,1.3,0.5,0.0,0.8,0.556,0.5,1.0,1.5
David Roddy,PHX,65,18.1,6.5,3.2,1.2,0.4,0.2,0.9,0.403,0.293,0.691,-3.5
Davion Mitchell,SAC,72,15.3,5.3,1.3,1.9,0.2,0.0,0.6,0.452,0.361,0.714,-0.6
Davis Bertans,CHA,43,15.7,6.7,1.4,0.8,0.6,0.3,0.4,0.393,0.38,0.909,-1.7
Day'Ron Sharpe,BKN,61,15.1,6.8,6.4,1.4,0.4,0.7,1.1,0.571,0.267,0.61,1.0
De'Aaron Fox,SAC,74,35.9,26.6,4.6,5.6,2.0,0.4,2.6,0.465,0.369,0.738,3.1
De'Andre Hunter,ATL,57,29.5,15.6,3.9,1.5,0.7,0.3,1.5,0.459,0.385,0.847,-0.9
De'Anthony Melton,PHI,38,26.9,11.1,3.7,3.0,1.6,0.4,1.0,0.386,0.36,0.835,5.7
DeAndre Jordan,DEN,36,11.0,3.9,4.4,0.7,0.2,0.4,0.6,0.624,0.0,0.491,-2.4
DeJon Jarreau,MEM,9,16.6,4.8,4.9,2.9,0.7,0.2,1.0,0.34,0.308,0.455,-2.7
DeMar DeRozan,CHI,79,37.8,24.0,4.3,5.3,1.1,0.6,1.7,0.48,0.333,0.853,-0.8
Dean Wade,CLE,54,20.5,5.4,4.0,0.8,0.7,0.5,0.4,0.414,0.391,0.769,3.3
Deandre Ayton,POR,55,32.4,16.7,11.1,1.6,1.0,0.8,1.8,0.57,0.1,0.823,-5.8
Dejounte Murray,ATL,78,35.7,22.5,5.3,6.4,1.4,0.3,2.6,0.459,0.363,0.794,-2.0
Delon Wright,MIA,47,15.8,4.5,1.8,2.5,1.1,0.2,0.3,0.394,0.368,0.822,0.3
Deni Avdija,WAS,75,30.1,14.7,7.2,3.8,0.8,0.5,2.1,0.506,0.374,0.74,-4.4
Dennis Schröder,BKN,80,31.1,14.0,3.0,6.1,0.8,0.2,1.9,0.435,0.375,0.836,-1.6
Dennis Smith Jr.,BKN,56,18.9,6.6,2.9,3.6,1.2,0.2,1.2,0.435,0.294,0.741,-0.6
Dereck Lively II,DAL,55,23.5,8.8,6.9,1.1,0.7,1.4,0.9,0.747,0.0,0.506,2.6
Dereon Seabron,NOP,6,9.2,2.3,1.2,0.8,0.3,0.2,0.0,0.308,0.5,0.833,4.7
Derrick Jones Jr.,DAL,76,23.5,8.6,3.3,1.0,0.7,0.7,0.9,0.483,0.343,0.713,0.7
Derrick Rose,MEM,24,16.6,8.0,1.9,3.3,0.3,0.1,1.3,0.461,0.366,0.889,-1.4
Derrick White,BOS,73,32.6,15.2,4.2,5.2,1.0,1.2,1.5,0.461,0.396,0.901,8.5
Desmond Bane,MEM,42,34.4,23.7,4.4,5.5,1.0,0.5,2.7,0.464,0.381,0.87,-4.8
Devin Booker,PHX,68,36.0,27.1,4.5,6.9,0.9,0.4,2.6,0.492,0.364,0.886,4.6
Devin Vassell,SAS,68,33.1,19.5,3.8,4.1,1.1,0.3,1.6,0.472,0.372,0.801,-4.3
Devonte' Graham,SAS,23,13.6,5.0,1.6,2.1,0.4,0.1,0.7,0.352,0.301,0.813,1.0
Dexter Dennis,DAL,4,7.5,5.5,2.3,1.0,0.0,0.3,0.8,0.526,0.125,0.333,-2.3
Dillon Brooks,HOU,72,30.9,12.7,3.4,1.7,0.9,0.1,1.2,0.428,0.359,0.844,-0.3
Dmytro Skapintsev,NYK,2,1.1,0.0,0.0,0.0,0.0,0.0,0.0,0.0,0.0,0.0,0.0
Domantas Sabonis,SAC,82,35.7,19.4,13.7,8.2,0.9,0.6,3.3,0.594,0.379,0.704,0.8
Dominick Barlow,SAS,33,12.7,4.4,3.4,1.1,0.4,0.4,0.3,0.496,0.333,0.69,-1.0
Donovan Mitchell,CLE,55,35.3,26.6,5.1,6.1,1.8,0.5,2.8,0.462,0.368,0.865,5.9
Donte DiVincenzo,NYK,81,29.1,15.5,3.7,2.7,1.3,0.4,1.4,0.443,0.401,0.754,2.0
Dorian Finney-Smith,BKN,68,28.4,8.5,4.7,1.6,0.8,0.6,0.9,0.421,0.348,0.717,-1.6
Doug McDermott,IND,64,14.1,5.5,0.9,1.1,0.3,0.0,0.4,0.433,0.41,0.579,-2.2
Draymond Green,GSW,55,27.1,8.6,7.2,6.0,1.0,0.9,2.5,0.497,0.395,0.73,3.1
Drew Eubanks,PHX,75,15.6,5.1,4.3,0.8,0.4,0.8,0.8,0.601,1.0,0.774,-1.4
Drew Peterson,BOS,3,7.6,3.7,0.3,0.3,0.7,0.0,0.3,0.667,0.6,0.0,2.7
Dru Smith,MIA,9,14.5,4.3,1.6,1.6,1.0,0.3,0.6,0.455,0.412,1.0,-4.8
Duncan Robinson,MIA,68,28.0,12.9,2.5,2.8,0.7,0.2,1.4,0.45,0.395,0.889,0.6
Duop Reath,POR,68,17.9,9.1,3.7,1.0,0.5,0.6,0.8,0.461,0.359,0.742,-2.8
Dwight Powell,DAL,63,13.3,3.3,3.4,1.3,0.4,0.3,0.5,0.679,0.333,0.708,0.0
Dylan Windler,ATL,17,6.4,2.5,0.9,0.6,0.1,0.0,0.1,0.5,0.481,0.0,-0.9
Dyson Daniels,NOP,61,22.3,5.8,3.9,2.7,1.4,0.4,1.0,0.447,0.311,0.642,1.2
E.J. Liddell,NOP,8,2.9,0.5,0.6,0.1,0.3,0.3,0.3,0.167,0.0,1.0,-0.5
Emoni Bates,CLE,15,8.9,2.7,0.9,0.7,0.1,0.1,0.5,0.306,0.303,0.25,-5.6
Eric Gordon,PHX,68,27.8,11.0,1.8,2.0,1.0,0.4,1.1,0.443,0.378,0.797,1.9
Eugene Omoruyi,WAS,43,9.1,4.8,2.0,0.8,0.6,0.1,0.5,0.485,0.283,0.653,-3.2
Evan Fournier,DET,32,18.1,6.9,1.8,1.5,0.9,0.2,0.7,0.357,0.254,0.806,-4.4
Evan Mobley,CLE,50,30.6,15.7,9.4,3.2,0.9,1.4,1.8,0.58,0.373,0.719,0.7
Filip Petrusev,PHI,3,3.1,1.0,0.3,0.0,0.0,0.0,0.0,0.5,0.0,0.5,2.0
Frank Ntilikina,CHA,5,8.6,1.0,1.2,0.8,0.0,0.0,0.2,0.111,0.125,1.0,-0.2
Franz Wagner,ORL,72,32.5,19.7,5.3,3.7,1.1,0.4,1.9,0.482,0.281,0.85,2.8
Fred VanVleet,HOU,73,36.8,17.4,3.8,8.1,1.4,0.8,1.7,0.416,0.387,0.86,2.5
Furkan Korkmaz,PHI,35,8.6,2.5,0.9,0.7,0.4,0.1,0.3,0.395,0.35,0.7,1.3
GG Jackson,MEM,48,25.7,14.6,4.1,1.2,0.6,0.5,1.4,0.428,0.357,0.752,-4.0
Gabe Vincent,LAL,11,19.8,3.1,0.8,1.9,0.8,0.0,0.5,0.306,0.107,0.5,2.8
Garrett Temple,TOR,27,10.7,3.3,1.7,1.0,0.4,0.1,0.5,0.372,0.3,0.818,-2.9
Garrison Mathews,ATL,66,15.0,4.9,1.4,0.6,0.3,0.1,0.3,0.456,0.44,0.81,-1.5
Gary Harris,ORL,54,24.0,6.9,1.7,1.6,0.9,0.3,0.6,0.441,0.371,0.756,1.7
Gary Payton II,GSW,44,15.5,5.5,2.6,1.1,0.9,0.4,0.6,0.563,0.364,0.609,1.9
Gary Trent Jr.,TOR,71,28.1,13.7,2.6,1.7,1.1,0.1,0.7,0.426,0.393,0.771,-2.7
Georges Niang,CLE,82,22.3,9.4,3.4,1.2,0.4,0.2,0.9,0.449,0.376,0.85,0.4
Giannis Antetokounmpo,MIL,73,35.2,30.4,11.5,6.5,1.2,1.1,3.4,0.611,0.274,0.657,4.6
Goga Bitadze,ORL,62,15.4,5.0,4.6,1.3,0.5,1.2,0.7,0.603,0.143,0.655,0.4
Gordon Hayward,OKC,51,24.4,9.8,3.5,3.1,0.8,0.3,1.3,0.464,0.411,0.742,-2.6
Gradey Dick,TOR,60,21.1,8.5,2.2,1.1,0.6,0.0,0.8,0.425,0.365,0.863,-6.3
Grant Williams,CHA,76,28.0,10.3,4.2,2.3,0.6,0.5,1.4,0.456,0.375,0.757,-3.2
Grayson Allen,PHX,75,33.5,13.5,3.9,3.0,0.9,0.6,1.3,0.499,0.461,0.878,3.5
Greg Brown III,DAL,6,6.6,2.5,1.5,0.7,0.0,0.7,0.7,0.455,0.333,0.444,-1.5
Gui Santos,GSW,23,8.4,3.6,2.1,0.6,0.2,0.1,0.3,0.509,0.37,0.941,0.7
Hamidou Diallo,WAS,2,2.4,1.0,1.0,0.5,1.0,0.0,0.5,0.5,0.0,0.0,2.0
Harrison Barnes,SAC,82,29.0,12.2,3.0,1.2,0.7,0.1,0.7,0.474,0.387,0.801,-1.0
Harry Giles III,LAL,23,4.3,2.4,1.3,0.3,0.1,0.1,0.3,0.46,0.214,0.538,-1.8
Haywood Highsmith,MIA,66,20.7,6.1,3.2,1.1,0.8,0.5,0.5,0.465,0.396,0.639,0.1
Henri Drell,CHI,4,7.5,2.8,1.0,1.0,0.5,0.3,0.5,0.4,0.333,0.5,1.5
Herbert Jones,NOP,76,30.5,11.0,3.6,2.6,1.4,0.8,1.2,0.498,0.418,0.867,3.0
Hunter Tyson,DEN,18,2.7,1.1,0.5,0.1,0.1,0.0,0.1,0.4,0.286,0.0,0.4
Ibou Badji,POR,22,10.3,1.5,2.3,0.6,0.1,0.9,0.7,0.636,0.0,0.5,-4.1
Immanuel Quickley,TOR,68,29.2,17.0,3.8,4.9,0.7,0.1,1.5,0.434,0.395,0.853,-0.5
Isaac Okoro,CLE,69,27.3,9.4,3.0,1.9,0.8,0.5,0.8,0.49,0.391,0.679,0.6
Isaiah Hartenstein,NYK,75,25.3,7.8,8.3,2.5,1.2,1.1,1.2,0.644,0.333,0.707,5.4
Isaiah Jackson,IND,60,12.8,6.4,4.0,0.8,0.6,1.0,0.7,0.665,0.0,0.716,0.5
Isaiah Joe,OKC,78,18.5,8.2,2.3,1.3,0.6,0.3,0.6,0.458,0.416,0.865,4.5
Isaiah Livers,DET,23,20.4,5.0,2.1,1.1,0.6,0.2,0.7,0.345,0.286,0.667,-8.7
Isaiah Mobley,CLE,10,7.2,2.3,1.0,0.6,0.2,0.0,0.2,0.417,0.3,0.0,-3.0
Isaiah Stewart,DET,46,30.9,10.9,6.6,1.6,0.4,0.8,1.4,0.487,0.383,0.753,-2.9
Isaiah Thomas,PHX,6,3.2,1.3,0.0,0.5,0.0,0.0,0.0,0.3,0.5,0.0,-2.3
Isaiah Wong,IND,1,4.3,2.0,0.0,0.0,0.0,0.0,0.0,0.333,0.0,0.0,-5.0
Ish Smith,CHA,43,17.2,3.2,1.8,3.4,0.4,0.1,1.1,0.418,0.5,0.75,-6.5
Ish Wainright,PHX,11,5.7,2.1,1.3,0.1,0.4,0.1,0.2,0.292,0.35,1.0,-0.4
Ivica Zubac,LAC,68,26.4,11.7,9.2,1.4,0.3,1.2,1.2,0.649,0.0,0.723,2.7
Izaiah Brockington,NOP,1,3.4,4.0,2.0,0.0,0.0,0.0,0.0,0.4,0.0,0.0,3.0
JD Davison,BOS,8,4.9,2.0,1.3,1.3,0.1,0.1,0.3,0.417,0.429,0.75,2.9
JT Thor,CHA,63,12.4,3.2,2.3,0.5,0.2,0.4,0.2,0.437,0.346,0.55,-0.8
Ja Morant,MEM,9,35.3,25.1,5.6,8.1,0.8,0.6,3.0,0.471,0.275,0.813,1.2
JaVale McGee,SAC,46,7.4,4.0,2.7,0.4,0.3,0.4,0.7,0.598,0.143,0.578,0.2
Jabari Smith Jr.,HOU,76,31.9,13.7,8.1,1.6,0.7,0.8,1.2,0.454,0.363,0.811,-1.1
Jabari Walker,POR,72,23.6,8.9,7.1,1.0,0.6,0.3,0.9,0.46,0.295,0.754,-4.7
Jack White,OKC,4,15.9,1.5,3.0,0.3,1.0,0.3,0.5,0.125,0.2,0.0,-7.0
Jacob Gilyard,BKN,41,17.0,4.2,1.1,3.3,0.8,0.1,0.7,0.4,0.405,1.0,-4.2
Jacob Toppin,NYK,9,4.2,1.4,0.8,0.3,0.0,0.1,0.1,0.556,0.25,1.0,-1.8
Jaden Hardy,DAL,73,13.6,7.3,1.8,1.5,0.3,0.1,0.8,0.407,0.362,0.776,-1.7
Jaden Ivey,DET,77,28.8,15.4,3.4,3.8,0.7,0.5,2.5,0.429,0.336,0.749,-4.5
Jaden McDaniels,MIN,72,29.2,10.5,3.1,1.4,0.9,0.6,1.2,0.489,0.337,0.722,2.2
Jaden Springer,BOS,49,10.3,3.3,1.6,0.9,0.7,0.3,0.7,0.399,0.208,0.833,-0.6
Jae Crowder,MIL,50,23.1,6.2,3.2,1.3,0.8,0.2,0.5,0.422,0.349,0.722,-1.4
Jae'Sean Tate,HOU,65,15.9,4.1,3.0,1.0,0.6,0.2,0.6,0.472,0.299,0.667,1.2
Jahmi'us Ramsey,TOR,7,17.3,6.7,3.1,1.1,1.0,0.0,1.0,0.439,0.273,0.833,-4.0
Jaime Jaquez Jr.,MIA,75,28.2,11.9,3.8,2.6,1.0,0.3,1.5,0.489,0.322,0.811,1.4
Jake LaRavia,MEM,35,23.0,10.8,3.7,1.7,0.8,0.3,1.3,0.389,0.34,0.826,-3.3
Jakob Poeltl,TOR,50,26.4,11.1,8.6,2.5,0.7,1.5,1.5,0.656,0.0,0.551,-0.3
Jalen Brunson,NYK,77,35.4,28.7,3.6,6.7,0.9,0.2,2.4,0.479,0.401,0.847,6.6
Jalen Crutcher,NOP,1,2.7,0.0,0.0,0.0,0.0,0.0,0.0,0.0,0.0,0.0,1.0
Jalen Duren,DET,61,29.1,13.8,11.6,2.4,0.5,0.8,2.1,0.619,0.0,0.79,-5.1
Jalen Green,HOU,82,31.7,19.6,5.2,3.5,0.8,0.3,2.3,0.423,0.332,0.804,0.4
Jalen Hood-Schifino,LAL,21,5.2,1.6,0.6,0.4,0.1,0.1,0.4,0.222,0.133,0.6,-2.6
Jalen Johnson,ATL,56,33.7,16.0,8.7,3.6,1.2,0.8,1.8,0.511,0.355,0.728,-1.4
Jalen McDaniels,TOR,50,10.8,3.4,1.6,0.7,0.4,0.1,0.6,0.344,0.169,0.73,-3.2
Jalen Pickett,DEN,27,4.5,1.6,0.5,0.8,0.1,0.0,0.3,0.429,0.36,0.75,0.0
Jalen Slawson,SAC,12,3.1,0.7,0.6,0.2,0.1,0.1,0.2,0.667,0.0,0.0,-0.5
Jalen Smith,IND,61,17.2,9.9,5.5,1.0,0.3,0.6,0.7,0.592,0.424,0.692,-0.2
Jalen Suggs,ORL,75,27.0,12.6,3.1,2.7,1.4,0.6,1.8,0.471,0.397,0.756,0.6
Jalen Williams,OKC,71,31.3,19.1,4.0,4.5,1.1,0.6,1.7,0.54,0.427,0.814,5.4
Jalen Wilson,BKN,43,15.5,5.0,3.0,1.0,0.3,0.1,0.4,0.425,0.324,0.826,-0.1
Jamal Cain,MIA,26,10.0,3.7,1.4,0.4,0.4,0.2,0.3,0.43,0.355,0.783,-1.0
Jamal Murray,DEN,59,31.5,21.2,4.1,6.5,1.0,0.7,2.1,0.481,0.425,0.853,5.3
Jamaree Bouyea,SAS,9,10.5,2.3,2.1,1.2,0.1,0.0,1.0,0.357,0.111,0.0,-1.7
James Bouknight,CHA,14,5.8,3.6,0.6,0.4,0.1,0.1,0.1,0.439,0.433,0.5,-0.8
James Harden,LAC,72,34.3,16.6,5.1,8.5,1.1,0.8,2.6,0.428,0.381,0.878,4.0
James Johnson,IND,9,5.2,0.9,0.4,0.9,0.6,0.1,0.6,0.3,0.0,1.0,0.6
James Wiseman,DET,63,17.3,7.1,5.3,0.9,0.2,0.6,1.0,0.613,0.0,0.706,-5.2
Jarace Walker,IND,33,10.3,3.6,1.9,1.2,0.5,0.3,0.5,0.409,0.4,0.889,0.6
Jared Butler,WAS,40,14.1,6.3,1.5,3.2,0.7,0.2,1.3,0.488,0.308,0.861,-1.2
Jared Rhoden,DET,17,14.4,4.9,1.9,0.8,0.2,0.8,0.4,0.5,0.387,0.625,-2.3
Jaren Jackson Jr.,MEM,66,32.2,22.5,5.5,2.3,1.2,1.6,2.4,0.444,0.32,0.808,-5.2
Jarred Vanderbilt,LAL,29,20.0,5.2,4.8,1.2,1.2,0.2,1.0,0.518,0.296,0.667,1.5
Jarrett Allen,CLE,77,31.7,16.5,10.5,2.7,0.7,1.1,1.6,0.634,0.0,0.742,2.6
Jason Preston,UTA,7,10.2,1.7,2.4,2.3,0.3,0.1,0.3,0.316,0.0,0.0,3.3
Javon Freeman-Liberty,TOR,22,18.3,7.0,3.2,1.8,0.5,0.2,1.1,0.444,0.238,0.917,-7.2
Javonte Green,CHI,9,25.6,12.2,7.4,0.6,1.1,0.9,0.8,0.6,0.37,0.769,3.1
Javonte Smart,PHI,1,0.7,0.0,0.0,0.0,0.0,0.0,0.0,0.0,0.0,0.0,-3.0
Jaxson Hayes,LAL,70,12.5,4.3,3.0,0.5,0.5,0.4,0.6,0.72,0.0,0.622,-1.5
Jay Huff,DEN,20,2.5,1.2,0.6,0.1,0.1,0.2,0.1,0.6,0.333,1.0,-0.5
Jaylen Brown,BOS,70,33.5,23.0,5.5,3.6,1.2,0.5,2.4,0.499,0.354,0.703,5.9
Jaylen Nowell,SAC,13,16.4,6.2,1.8,1.5,0.3,0.2,0.5,0.436,0.207,0.778,-2.5
Jaylin Williams,OKC,69,13.0,4.0,3.4,1.6,0.4,0.4,0.5,0.417,0.368,0.805,1.8
Jayson Tatum,BOS,74,35.7,26.9,8.1,4.9,1.0,0.6,2.5,0.471,0.376,0.833,8.2
Jeff Dowtin Jr.,PHI,12,11.8,4.3,1.7,2.3,0.6,0.1,0.4,0.556,0.474,0.75,1.8
Jeff Green,HOU,78,16.8,6.5,2.3,0.9,0.2,0.4,0.6,0.456,0.331,0.819,-1.0
Jerami Grant,POR,54,33.9,21.0,3.5,2.8,0.8,0.6,2.1,0.451,0.402,0.817,-6.5
Jeremiah Robinson-Earl,NOP,39,8.6,2.9,1.9,0.5,0.3,0.1,0.4,0.474,0.333,0.75,-0.6
Jeremy Sochan,SAS,74,29.6,11.6,6.4,3.4,0.8,0.5,1.9,0.438,0.308,0.771,-4.6
Jericho Sims,NYK,45,13.0,2.0,3.3,0.6,0.2,0.4,0.4,0.691,0.0,0.667,-0.2
Jermaine Samuels Jr.,HOU,14,4.3,1.4,0.9,0.2,0.1,0.1,0.0,0.643,0.0,1.0,-0.9
Jerome Robinson,GSW,22,3.7,1.4,0.3,0.2,0.0,0.1,0.1,0.333,0.118,0.636,1.2
Jett Howard,ORL,18,3.7,1.6,0.4,0.3,0.1,0.1,0.2,0.333,0.28,0.5,0.2
Jevon Carter,CHI,72,13.9,5.0,0.8,1.3,0.5,0.2,0.5,0.378,0.329,0.571,0.4
Jimmy Butler III,MIA,60,34.0,20.8,5.3,5.0,1.3,0.3,1.7,0.499,0.414,0.858,3.6
Jock Landale,HOU,56,13.6,4.9,3.1,1.2,0.4,0.6,0.6,0.515,0.25,0.8,2.9
Joe Harris,DET,16,10.6,2.4,0.8,0.6,0.2,0.1,0.3,0.359,0.333,0.5,-3.0
Joe Ingles,ORL,68,17.2,4.4,2.1,3.0,0.6,0.1,1.0,0.436,0.435,0.824,2.4
Joel Embiid,PHI,39,33.6,34.7,11.0,5.6,1.2,1.7,3.8,0.529,0.388,0.883,6.8
John Collins,UTA,68,28.0,15.1,8.5,1.1,0.6,0.9,1.4,0.532,0.371,0.795,-4.5
John Konchar,MEM,55,21.3,4.3,4.7,2.0,0.9,0.9,0.8,0.423,0.317,0.84,-2.7
Johnny Davis,WAS,50,12.3,3.0,1.4,0.6,0.4,0.2,0.3,0.403,0.35,0.583,-3.0
Johnny Juzang,UTA,20,18.6,7.2,1.8,1.2,0.2,0.1,0.7,0.464,0.416,0.714,-0.4
Jonas Valančiūnas,NOP,82,23.5,12.2,8.8,2.1,0.4,0.8,1.4,0.559,0.308,0.785,1.9
Jonathan Isaac,ORL,58,15.8,6.8,4.5,0.5,0.7,1.2,0.5,0.51,0.375,0.72,3.1
Jonathan Kuminga,GSW,74,26.3,16.1,4.8,2.2,0.7,0.5,1.6,0.529,0.321,0.746,1.7
Jontay Porter,DET,26,13.8,4.4,3.2,2.3,0.8,0.8,0.8,0.385,0.333,0.833,-2.8
Jordan Clarkson,UTA,55,30.6,17.1,3.4,5.0,0.6,0.1,2.7,0.413,0.294,0.881,-3.5
Jordan Ford,SAC,6,3.6,2.0,0.3,0.3,0.0,0.0,0.2,0.571,0.667,1.0,2.3
Jordan Goodwin,MEM,57,18.5,6.5,4.4,2.7,0.8,0.3,1.0,0.369,0.298,0.746,-1.6
Jordan Hawkins,NOP,67,17.3,7.8,2.2,1.0,0.3,0.1,0.6,0.382,0.366,0.838,0.2
Jordan McLaughlin,MIN,56,11.2,3.5,1.3,2.0,0.6,0.1,0.3,0.483,0.472,0.722,2.8
Jordan Miller,LAC,8,3.5,1.6,0.6,0.0,0.0,0.0,0.1,0.556,0.5,1.0,-1.6
Jordan Nwora,TOR,52,13.7,7.0,2.9,1.2,0.5,0.3,1.0,0.462,0.336,0.83,-3.8
Jordan Poole,WAS,78,30.1,17.4,2.7,4.4,1.1,0.3,2.4,0.413,0.326,0.877,-7.1
Jordan Walsh,BOS,9,9.3,1.7,2.2,0.6,0.6,0.1,0.3,0.4,0.222,0.5,5.2
Jose Alvarado,NOP,56,18.4,7.1,2.3,2.1,1.1,0.3,0.7,0.412,0.377,0.673,4.3
Josh Giddey,OKC,80,25.1,12.3,6.4,4.8,0.7,0.6,2.1,0.475,0.337,0.806,4.7
Josh Green,DAL,57,26.4,8.2,3.2,2.3,0.8,0.2,1.1,0.479,0.385,0.684,-1.8
Josh Hart,NYK,81,33.4,9.4,8.3,4.1,0.9,0.3,1.5,0.434,0.31,0.791,4.3
Josh Minott,MIN,32,2.9,1.6,0.5,0.3,0.2,0.2,0.1,0.472,0.4,0.857,0.6
Josh Okogie,PHX,60,16.0,4.6,2.6,1.1,0.8,0.4,0.6,0.417,0.309,0.745,0.1
Josh Richardson,MIA,43,25.6,9.9,2.8,2.4,0.6,0.3,0.8,0.444,0.347,0.944,-2.5
Joshua Primo,LAC,2,5.1,1.0,0.5,0.0,0.0,0.5,2.0,0.333,0.0,0.0,-0.5
Jrue Holiday,BOS,69,32.8,12.5,5.4,4.8,0.9,0.8,1.8,0.48,0.429,0.833,6.2
Juan Toscano-Anderson,SAC,11,4.8,0.6,1.3,0.4,0.1,0.1,0.2,0.25,0.25,0.0,-0.8
Jules Bernard,WAS,19,7.9,3.9,1.4,0.8,0.2,0.1,0.4,0.453,0.379,0.556,1.4
Julian Champagnie,SAS,74,19.8,6.8,2.8,1.4,0.6,0.6,0.8,0.408,0.365,0.815,-1.9
Julian Phillips,CHI,40,8.1,2.2,0.9,0.3,0.2,0.2,0.3,0.416,0.316,0.684,-0.1
Julian Strawther,DEN,50,10.9,4.5,1.2,0.9,0.3,0.1,0.5,0.369,0.297,0.71,-2.1
Julius Randle,NYK,46,35.4,24.0,9.2,5.0,0.5,0.3,3.5,0.472,0.311,0.781,4.7
Justin Champagnie,WAS,15,15.7,5.9,3.5,1.3,0.7,0.6,0.7,0.41,0.289,0.8,-3.9
Justin Holiday,DEN,58,14.9,4.0,1.2,1.2,0.6,0.2,0.2,0.454,0.404,0.75,0.9
Justin Jackson,MIN,2,0.4,0.0,0.0,0.0,0.0,0.0,0.0,0.0,0.0,0.0,0.0
Justin Minaya,POR,34,11.2,1.8,1.6,0.6,0.3,0.3,0.3,0.297,0.245,0.556,-2.4
Jusuf Nurkić,PHX,76,27.3,10.9,11.0,4.0,1.1,1.1,2.3,0.51,0.244,0.64,5.3
KJ Martin,PHI,60,12.4,3.7,2.2,0.9,0.4,0.2,0.5,0.536,0.286,0.537,-0.1
Kaiser Gates,NOP,1,7.4,0.0,1.0,0.0,0.0,0.0,0.0,0.0,0.0,0.0,-2.0
Karl-Anthony Towns,MIN,62,32.7,21.8,8.3,3.0,0.7,0.7,2.9,0.504,0.416,0.873,5.2
Kawhi Leonard,LAC,68,34.3,23.7,6.1,3.6,1.6,0.9,1.8,0.525,0.417,0.885,5.8
Keegan Murray,SAC,77,33.6,15.2,5.5,1.7,1.0,0.8,0.8,0.454,0.358,0.831,1.8
Keita Bates-Diop,BKN,53,12.5,3.7,2.1,0.7,0.5,0.4,0.3,0.434,0.304,0.762,-1.0
Keldon Johnson,SAS,69,29.5,15.7,5.5,2.8,0.7,0.3,1.4,0.454,0.346,0.792,-5.0
Kelly Olynyk,TOR,78,22.5,9.8,5.3,4.4,0.9,0.4,1.9,0.555,0.387,0.833,-3.4
Kelly Oubre Jr.,PHI,68,30.2,15.4,5.0,1.5,1.1,0.7,1.3,0.441,0.311,0.75,-0.4
Kendall Brown,IND,15,4.2,1.4,0.3,0.3,0.0,0.0,0.1,0.533,0.0,0.625,-1.6
Kenneth Lofton Jr.,UTA,21,9.4,4.6,1.8,1.6,0.3,0.2,0.7,0.462,0.292,0.654,-0.5
Kenrich Williams,OKC,69,14.9,4.7,3.0,1.3,0.6,0.1,0.5,0.468,0.397,0.5,2.2
Kentavious Caldwell-Pope,DEN,76,31.6,10.1,2.4,2.4,1.3,0.6,1.0,0.46,0.406,0.894,7.5
Keon Ellis,SAC,57,17.2,5.4,2.2,1.5,0.9,0.5,0.6,0.461,0.417,0.743,1.6
Keon Johnson,BKN,5,12.3,6.2,1.4,0.6,0.6,0.2,1.0,0.381,0.4,0.917,-5.0
Kessler Edwards,SAC,54,5.1,1.7,0.8,0.3,0.2,0.1,0.1,0.415,0.385,0.556,-0.8
Kevin Durant,PHX,75,37.2,27.1,6.6,5.0,0.9,1.2,3.3,0.523,0.413,0.856,3.9
Kevin Huerter,SAC,64,24.4,10.2,3.5,2.6,0.7,0.4,0.8,0.443,0.361,0.766,1.2
Kevin Knox II,POR,31,18.1,7.2,2.4,0.7,0.4,0.2,0.7,0.462,0.33,0.909,-2.7
Kevin Love,MIA,55,16.8,8.8,6.1,2.1,0.3,0.2,0.9,0.44,0.344,0.787,2.0
Kevon Harris,ORL,2,3.0,2.0,1.0,0.5,0.0,0.0,0.5,0.667,0.0,0.0,0.0
Kevon Looney,GSW,74,16.1,4.5,5.7,1.8,0.4,0.4,0.7,0.597,0.0,0.675,0.5
Keyontae Johnson,OKC,9,7.4,1.2,1.1,0.4,0.1,0.0,0.4,0.313,0.333,0.0,-0.8
Keyonte George,UTA,75,27.0,13.0,2.8,4.4,0.5,0.1,2.5,0.391,0.334,0.848,-5.0
Khris Middleton,MIL,55,27.0,15.1,4.7,5.3,0.9,0.3,2.3,0.493,0.381,0.833,2.3
Killian Hayes,DET,42,24.0,6.9,2.8,4.9,0.9,0.5,1.2,0.413,0.297,0.66,-5.8
Kira Lewis Jr.,UTA,28,9.4,3.2,0.9,1.3,0.3,0.1,0.5,0.37,0.121,0.85,-2.4
Klay Thompson,GSW,77,29.7,17.9,3.3,2.3,0.6,0.5,1.5,0.432,0.387,0.927,0.1
Kobe Brown,LAC,44,9.0,2.0,1.4,0.6,0.3,0.1,0.2,0.411,0.292,0.5,-2.1
Kobe Bufkin,ATL,17,11.5,4.8,1.9,1.6,0.4,0.3,0.6,0.37,0.225,0.5,-2.1
Kobi Simmons,TOR,4,16.9,5.0,1.8,3.0,1.5,0.5,0.3,0.429,0.25,0.0,-7.8
Kris Dunn,UTA,66,18.9,5.4,2.9,3.8,1.0,0.4,1.2,0.47,0.369,0.688,0.2
Kris Murray,POR,62,21.7,6.1,3.6,1.3,0.9,0.3,0.9,0.396,0.268,0.661,-2.6
Kristaps Porziņģis,BOS,57,29.6,20.1,7.2,2.0,0.7,1.9,1.6,0.516,0.375,0.858,7.3
Kyle Anderson,MIN,79,22.6,6.4,3.5,4.2,0.9,0.6,1.2,0.46,0.229,0.708,2.1
Kyle Kuzma,WAS,70,32.6,22.2,6.6,4.2,0.5,0.7,2.7,0.463,0.336,0.775,-8.0
Kyle Lowry,PHI,60,28.2,8.1,3.2,4.2,1.0,0.4,1.4,0.432,0.392,0.84,0.0
Kyrie Irving,DAL,58,35.0,25.6,5.0,5.2,1.3,0.5,1.8,0.497,0.411,0.905,4.8
LaMelo Ball,CHA,22,32.3,23.9,5.1,8.0,1.8,0.2,3.8,0.433,0.355,0.865,-6.3
Lamar Stevens,MEM,38,14.7,7.2,3.3,0.7,0.6,0.6,0.6,0.45,0.304,0.778,0.2
Landry Shamet,WAS,46,15.8,7.1,1.3,1.2,0.5,0.2,0.7,0.431,0.338,0.826,-3.2
Larry Nance Jr.,NOP,61,19.9,5.7,5.0,1.9,1.0,0.3,0.8,0.573,0.415,0.77,1.2
Lauri Markkanen,UTA,55,33.1,23.2,8.2,2.0,0.9,0.5,1.4,0.48,0.399,0.899,0.4
LeBron James,LAL,71,35.3,25.7,7.3,8.3,1.3,0.5,3.5,0.54,0.41,0.75,3.1
Leaky Black,CHA,26,10.9,2.7,1.8,0.9,0.3,0.4,0.2,0.481,0.45,0.667,-1.0
Leonard Miller,MIN,17,3.1,1.7,1.2,0.5,0.1,0.1,0.1,0.65,0.4,0.5,0.5
Lester Quinones,GSW,37,10.7,4.4,1.9,1.0,0.2,0.1,0.5,0.397,0.364,0.69,0.5
Lindell Wigginton,MIL,3,2.5,2.0,0.0,0.0,0.0,0.0,0.3,0.4,0.0,1.0,-3.3
Lindy Waters III,OKC,38,7.4,3.6,1.1,0.6,0.1,0.2,0.2,0.471,0.435,1.0,-0.9
Lonnie Walker IV,BKN,58,17.4,9.7,2.2,1.3,0.6,0.3,0.9,0.423,0.384,0.763,0.1
Luguentz Dort,OKC,79,28.4,10.9,3.6,1.4,0.9,0.6,0.9,0.438,0.394,0.826,4.4
Luka Dončić,DAL,70,37.5,33.9,9.2,9.8,1.4,0.5,4.0,0.487,0.382,0.786,4.6
Luka Garza,MIN,25,4.9,4.0,1.2,0.2,0.2,0.0,0.2,0.48,0.281,0.72,0.3
Luka Samanic,UTA,43,9.4,4.1,2.4,0.4,0.1,0.2,0.7,0.38,0.203,0.786,-1.2
Luke Kennard,MEM,39,25.6,11.0,2.9,3.5,0.5,0.1,1.4,0.448,0.45,0.889,-4.8
Luke Kornet,BOS,63,15.6,5.3,4.1,1.1,0.4,1.0,0.3,0.7,1.0,0.907,3.5
Malachi Flynn,DET,69,12.7,5.5,1.7,1.9,0.6,0.1,0.9,0.418,0.331,0.732,-2.6
Malaki Branham,SAS,75,21.3,9.2,2.0,2.1,0.4,0.1,1.2,0.432,0.347,0.873,-5.0
Malcolm Brogdon,POR,39,28.7,15.7,3.8,5.5,0.7,0.2,1.5,0.44,0.412,0.819,-2.1
Malcolm Cazalon,DET,1,2.6,0.0,0.0,0.0,0.0,0.0,0.0,0.0,0.0,0.0,5.0
Malik Beasley,MIL,79,29.6,11.3,3.7,1.4,0.7,0.1,0.7,0.443,0.413,0.714,3.7
Malik Monk,SAC,72,26.0,15.4,2.9,5.1,0.6,0.5,2.1,0.443,0.35,0.829,0.1
Malik Williams,TOR,7,15.2,2.7,5.4,0.3,0.4,0.6,0.4,0.265,0.2,0.0,-8.0
Mamadi Diakite,NYK,6,4.1,2.0,0.7,0.3,0.2,0.2,0.2,0.667,0.0,0.667,0.5
Maozinha Pereira,MEM,7,17.4,6.9,5.3,0.3,0.9,0.6,0.7,0.514,0.385,0.7,1.3
MarJon Beauchamp,MIL,48,12.7,4.4,2.1,0.6,0.3,0.1,0.6,0.488,0.4,0.679,-0.3
Marcus Morris Sr.,CLE,49,16.7,6.4,2.7,0.7,0.3,0.3,0.6,0.439,0.403,0.818,-1.2
Marcus Sasser,DET,71,19.0,8.3,1.8,3.3,0.6,0.2,1.3,0.428,0.375,0.879,-3.5
Marcus Smart,MEM,20,30.2,14.5,2.7,4.3,2.1,0.3,3.1,0.43,0.313,0.768,-1.0
Mark Williams,CHA,19,26.8,12.7,9.7,1.2,0.8,1.1,0.9,0.649,0.0,0.719,-1.1
Markelle Fultz,ORL,43,21.2,7.8,3.2,2.8,1.0,0.3,1.2,0.472,0.222,0.697,0.3
Markieff Morris,DAL,26,8.3,2.5,1.5,0.6,0.2,0.1,0.5,0.338,0.357,0.833,-2.2
Markquis Nowell,TOR,1,3.5,2.0,2.0,2.0,1.0,0.0,0.0,0.0,0.0,1.0,4.0
Marques Bolden,CHA,11,11.0,3.4,3.1,0.4,0.3,0.6,0.3,0.68,0.0,0.75,-1.5
Marvin Bagley III,WAS,50,21.1,11.7,6.2,1.1,0.4,0.7,1.2,0.586,0.391,0.762,-2.7
Mason Jones,SAC,5,5.5,1.4,1.0,1.0,0.2,0.0,0.4,0.25,0.286,0.5,-1.4
Mason Plumlee,LAC,46,14.7,5.3,5.1,1.2,0.3,0.4,0.8,0.569,0.0,0.707,0.2
Matisse Thybulle,POR,65,22.9,5.4,2.1,1.4,1.7,0.8,0.6,0.397,0.346,0.759,-3.6
Matt Hurt,MEM,8,14.2,4.0,2.0,0.5,0.4,0.4,0.3,0.353,0.25,1.0,-1.5
Matt Ryan,NOP,28,13.9,5.4,1.4,0.6,0.2,0.0,0.7,0.434,0.451,0.929,0.5
Max Christie,LAL,67,14.1,4.2,2.1,0.9,0.3,0.3,0.5,0.427,0.356,0.783,-0.3
Max Strus,CLE,70,32.0,12.2,4.8,4.0,0.9,0.4,1.6,0.418,0.351,0.794,3.6
Maxi Kleber,DAL,43,20.3,4.4,3.3,1.6,0.4,0.7,0.7,0.432,0.348,0.702,2.9
Maxwell Lewis,LAL,34,3.0,0.3,0.1,0.2,0.1,0.0,0.3,0.19,0.111,0.667,-2.1
Micah Potter,UTA,16,11.6,3.3,2.7,0.4,0.3,0.4,0.3,0.475,0.429,0.75,-1.8
Michael Porter Jr.,DEN,81,31.7,16.7,7.0,1.5,0.5,0.7,1.1,0.484,0.397,0.836,5.8
Mikal Bridges,BKN,82,34.8,19.6,4.5,3.6,1.0,0.4,2.0,0.436,0.372,0.814,-2.3
Mike Conley,MIN,76,28.9,11.4,2.9,5.9,1.2,0.2,1.3,0.457,0.442,0.911,3.6
Mike Muscala,OKC,53,11.3,3.0,2.4,0.7,0.2,0.2,0.4,0.359,0.292,0.68,-1.7
Miles Bridges,CHA,69,37.4,21.0,7.3,3.3,0.9,0.5,2.0,0.462,0.349,0.825,-9.2
Miles McBride,NYK,68,19.5,8.3,1.5,1.7,0.7,0.1,0.4,0.452,0.41,0.86,-0.2
Mitchell Robinson,NYK,31,24.8,5.6,8.5,0.6,1.2,1.1,0.8,0.575,0.0,0.409,0.4
Mo Bamba,PHI,57,13.0,4.4,4.2,0.7,0.4,1.1,0.7,0.49,0.391,0.68,-0.8
Monte Morris,MIN,33,14.4,5.0,1.7,2.1,0.6,0.3,0.2,0.405,0.386,0.684,2.6
Moritz Wagner,ORL,80,17.7,10.9,4.3,1.2,0.5,0.3,1.2,0.601,0.33,0.814,1.2
Moses Brown,POR,22,9.1,3.4,3.9,0.3,0.2,0.3,0.5,0.508,0.0,0.29,-2.7
Moses Moody,GSW,66,17.5,8.1,3.0,0.9,0.6,0.4,0.7,0.462,0.36,0.785,1.5
Mouhamadou Gueye,TOR,11,10.9,2.4,2.1,0.5,0.3,1.6,1.1,0.289,0.0,0.444,-7.3
Mouhamed Gueye,ATL,6,12.1,4.0,3.7,0.7,0.8,0.7,0.2,0.348,0.333,0.833,-6.8
Moussa Diabaté,LAC,11,5.8,2.6,2.2,0.4,0.5,0.1,0.2,0.526,0.0,0.643,-0.2
Myles Turner,IND,77,27.0,17.1,6.9,1.3,0.5,1.9,1.4,0.524,0.358,0.773,2.9
Naji Marshall,NOP,66,19.0,7.1,3.6,1.9,0.7,0.2,1.0,0.463,0.387,0.791,3.1
Nassir Little,PHX,45,10.2,3.4,1.7,0.5,0.2,0.2,0.3,0.46,0.3,0.85,-2.0
Nate Hinton,HOU,15,5.0,2.2,1.5,0.7,0.2,0.1,0.2,0.423,0.5,0.8,0.9
Nate Williams,HOU,22,5.9,2.9,1.0,0.3,0.2,0.0,0.2,0.54,0.4,0.538,1.0
Nathan Mensah,CHA,25,12.3,1.3,2.6,0.4,0.2,0.6,0.6,0.429,0.0,0.75,-5.3
Naz Reid,MIN,81,24.2,13.5,5.2,1.3,0.8,0.9,1.4,0.477,0.414,0.736,3.1
Neemias Queta,BOS,28,11.9,5.5,4.4,0.7,0.5,0.8,0.5,0.644,0.0,0.714,4.8
Nic Claxton,BKN,71,29.8,11.8,9.9,2.1,0.6,2.1,1.3,0.629,0.2,0.551,-3.9
Nick Richards,CHA,67,26.2,9.7,8.0,0.8,0.4,1.1,1.1,0.691,0.0,0.737,-6.4
Nick Smith Jr.,CHA,51,14.3,5.9,1.4,1.2,0.2,0.1,0.8,0.391,0.432,0.867,-3.8
Nickeil Alexander-Walker,MIN,82,23.4,8.0,2.0,2.5,0.8,0.5,0.9,0.439,0.391,0.8,3.8
Nicolas Batum,PHI,60,25.5,5.3,4.1,2.1,0.8,0.6,0.7,0.453,0.395,0.714,3.0
Nikola Jokić,DEN,79,34.6,26.4,12.4,9.0,1.4,0.9,3.0,0.583,0.359,0.817,8.6
Nikola Jović,MIA,46,19.5,7.7,4.2,2.0,0.5,0.3,0.9,0.452,0.399,0.702,3.2
Nikola Vučević,CHI,76,34.3,18.0,10.5,3.3,0.7,0.8,1.6,0.484,0.294,0.822,-2.4
Noah Clowney,BKN,23,16.1,5.8,3.5,0.8,0.3,0.7,0.7,0.538,0.364,0.7,-2.3
Norman Powell,LAC,76,26.2,13.9,2.6,1.1,0.6,0.3,0.9,0.486,0.435,0.831,2.8
OG Anunoby,NYK,50,34.0,14.7,4.2,2.1,1.4,0.7,1.6,0.489,0.382,0.753,7.8
Obi Toppin,IND,82,21.1,10.3,3.9,1.6,0.6,0.5,0.8,0.573,0.403,0.77,1.7
Ochai Agbaji,TOR,78,21.0,5.8,2.8,1.1,0.6,0.6,0.8,0.411,0.294,0.661,-3.2
Olivier Sarr,OKC,15,6.5,2.3,2.4,0.1,0.0,0.5,0.2,0.579,0.333,0.667,0.1
Olivier-Maxence Prosper,DAL,40,8.4,3.0,2.0,0.6,0.2,0.1,0.2,0.385,0.289,0.683,-2.2
Omer Yurtseven,UTA,48,11.4,4.6,4.3,0.6,0.2,0.4,0.8,0.538,0.208,0.679,-2.8
Onuralp Bitim,CHI,23,11.7,3.5,1.4,0.6,0.1,0.1,0.4,0.381,0.273,0.8,-2.0
Onyeka Okongwu,ATL,55,25.5,10.2,6.8,1.3,0.5,1.1,0.8,0.611,0.333,0.793,-0.6
Orlando Robinson,MIA,36,8.4,2.8,2.3,0.9,0.2,0.2,0.5,0.5,0.533,0.76,0.3
Oscar Tshiebwe,IND,8,5.2,3.3,2.0,0.3,0.3,0.1,0.0,0.5,0.0,0.75,1.8
Oshae Brissett,BOS,55,11.5,3.7,2.9,0.8,0.3,0.1,0.4,0.444,0.273,0.602,2.1
Otto Porter Jr.,TOR,15,11.6,2.6,1.9,0.5,0.3,0.3,0.1,0.424,0.348,1.0,1.5
Ousmane Dieng,OKC,33,11.1,4.0,1.5,1.1,0.2,0.2,0.6,0.422,0.3,0.875,0.0
P.J. Tucker,LAC,31,15.7,1.7,2.7,0.5,0.5,0.2,0.3,0.36,0.371,1.0,-0.8
P.J. Washington,DAL,73,30.4,12.9,5.6,1.9,1.0,0.8,1.3,0.436,0.32,0.683,-1.8
Paolo Banchero,ORL,80,35.0,22.6,6.9,5.4,0.9,0.6,3.1,0.455,0.339,0.725,0.0
Pascal Siakam,IND,80,33.2,21.7,7.1,4.3,0.8,0.3,1.8,0.536,0.346,0.732,1.4
Pat Connaughton,MIL,76,22.1,5.6,3.1,2.1,0.5,0.3,0.6,0.435,0.345,0.759,-0.2
Pat Spencer,GSW,6,4.3,0.7,0.7,0.8,0.0,0.0,0.2,0.5,0.0,0.0,-1.0
Patrick Baldwin Jr.,WAS,38,13.0,4.4,3.2,0.8,0.5,0.4,0.5,0.381,0.32,0.679,-0.6
Patrick Beverley,MIL,73,20.0,6.2,3.3,2.9,0.6,0.4,0.9,0.417,0.337,0.822,-0.8
Patrick Williams,CHI,43,27.3,10.0,3.9,1.5,0.9,0.8,1.3,0.443,0.399,0.788,-0.3
Patty Mills,MIA,32,13.0,4.0,1.1,1.1,0.6,0.0,0.5,0.351,0.276,1.0,0.2
Paul George,LAC,74,33.8,22.6,5.2,3.5,1.5,0.5,2.1,0.471,0.413,0.907,6.2
Paul Reed,PHI,82,19.4,7.3,6.0,1.3,0.8,1.0,0.8,0.54,0.368,0.718,1.2
Payton Pritchard,BOS,82,22.3,9.6,3.2,3.4,0.5,0.1,0.7,0.468,0.385,0.821,5.5
Pete Nance,CLE,8,3.4,0.4,0.4,0.0,0.1,0.0,0.1,0.167,1.0,0.0,-2.9
Peyton Watson,DEN,80,18.6,6.7,3.2,1.1,0.5,1.1,0.7,0.465,0.296,0.67,-0.9
Precious Achiuwa,NYK,74,21.9,7.6,6.6,1.3,0.6,0.9,1.1,0.501,0.268,0.616,-0.6
Quentin Grimes,DET,51,20.1,7.0,2.0,1.3,0.7,0.1,0.5,0.372,0.338,0.756,-0.8
Quenton Jackson,IND,3,3.5,0.7,1.3,0.7,0.3,0.0,0.0,0.0,0.0,1.0,0.0
R.J. Hampton,MIA,8,9.5,1.3,0.8,1.0,0.0,0.0,0.4,0.286,0.125,0.5,2.6
RJ Barrett,TOR,58,31.7,20.2,5.4,3.3,0.5,0.4,2.2,0.495,0.36,0.715,-2.6
RaiQuan Gray,SAS,3,13.0,7.7,2.3,2.0,0.3,0.3,0.3,0.588,0.429,0.0,4.7
Rayan Rupert,POR,39,16.2,4.0,2.4,1.6,0.3,0.1,0.8,0.335,0.359,0.76,-3.2
Reggie Bullock Jr.,HOU,44,9.5,2.2,1.7,0.3,0.3,0.1,0.2,0.415,0.403,1.0,-1.2
Reggie Jackson,DEN,82,22.2,10.2,1.9,3.8,0.5,0.1,1.3,0.431,0.359,0.806,1.0
Richaun Holmes,WAS,40,13.9,5.0,4.6,0.6,0.3,0.5,0.6,0.558,0.333,0.723,-2.3
Ricky Council IV,PHI,32,9.0,5.4,1.4,0.5,0.3,0.0,0.2,0.482,0.375,0.746,0.4
Robert Covington,PHI,29,16.8,4.4,3.3,0.8,1.3,0.6,0.4,0.439,0.339,0.846,3.6
Robert Williams III,POR,6,19.8,6.8,6.3,0.8,1.2,1.2,1.2,0.654,0.0,0.778,-5.0
Robin Lopez,MIL,16,4.0,1.1,0.3,0.3,0.1,0.2,0.1,0.368,0.25,1.0,-1.4
Ron Harper Jr.,TOR,1,3.7,0.0,0.0,1.0,0.0,0.0,0.0,0.0,0.0,0.0,-9.0
Royce O'Neale,PHX,79,24.7,7.7,4.8,2.8,0.7,0.6,0.9,0.397,0.37,0.686,1.5
Rudy Gobert,MIN,76,34.1,14.0,12.9,1.3,0.7,2.1,1.6,0.661,0.0,0.638,5.4
Rui Hachimura,LAL,68,26.8,13.6,4.3,1.2,0.6,0.4,0.7,0.537,0.422,0.739,1.8
Russell Westbrook,LAC,68,22.5,11.1,5.0,4.5,1.1,0.3,2.1,0.454,0.273,0.688,1.5
Ryan Arcidiacono,NYK,20,2.3,0.0,0.4,0.2,0.1,0.0,0.1,0.0,0.0,0.0,0.1
Ryan Rollins,MIL,13,6.0,3.4,1.0,1.1,0.8,0.2,0.6,0.519,0.75,0.765,4.8
Saben Lee,PHX,24,7.7,3.0,1.3,1.3,0.3,0.1,0.3,0.364,0.125,0.744,0.6
Saddiq Bey,ATL,63,32.7,13.7,6.5,1.5,0.8,0.2,0.9,0.416,0.316,0.837,-0.3
Sam Hauser,BOS,79,22.0,9.0,3.5,1.0,0.5,0.3,0.4,0.446,0.424,0.895,6.2
Sam Merrill,CLE,61,17.5,8.0,2.0,1.8,0.3,0.1,0.3,0.402,0.404,0.929,0.5
Sandro Mamukelashvili,SAS,46,9.8,4.1,3.2,1.1,0.2,0.3,0.4,0.471,0.297,0.735,1.0
Santi Aldama,MEM,61,26.5,10.7,5.8,2.3,0.7,0.9,1.1,0.435,0.349,0.621,-4.5
Sasha Vezenkov,SAC,42,12.2,5.4,2.3,0.5,0.5,0.2,0.3,0.44,0.375,0.8,0.0
Scoot Henderson,POR,62,28.5,14.0,3.1,5.4,0.8,0.2,3.4,0.385,0.325,0.819,-8.0
Scottie Barnes,TOR,60,34.9,19.9,8.2,6.1,1.3,1.5,2.8,0.475,0.341,0.781,-2.4
Scotty Pippen Jr.,MEM,21,25.1,12.9,3.2,4.7,1.7,0.5,2.7,0.493,0.417,0.745,-3.4
Seth Curry,CHA,44,14.0,5.1,1.5,1.0,0.5,0.1,0.5,0.392,0.352,0.903,1.4
Seth Lundy,ATL,9,5.8,1.6,0.8,0.0,0.0,0.0,0.1,0.235,0.231,0.75,-1.4
Shaedon Sharpe,POR,32,33.1,15.9,5.0,2.9,0.9,0.4,2.3,0.406,0.333,0.824,-7.7
Shai Gilgeous-Alexander,OKC,75,34.0,30.1,5.5,6.2,2.0,0.9,2.2,0.535,0.353,0.874,8.2
Shake Milton,NYK,48,12.1,4.5,1.6,1.3,0.4,0.1,0.6,0.405,0.281,0.816,-1.0
Shaquille Harrison,MEM,3,2.0,0.7,0.7,0.0,0.0,0.3,0.0,0.5,0.0,0.0,-3.7
Sidy Cissoko,SAS,12,11.7,3.8,1.8,0.8,0.6,0.3,0.3,0.485,0.083,0.8,2.1
Simone Fontecchio,DET,66,24.9,10.5,3.7,1.5,0.7,0.3,1.0,0.46,0.401,0.818,-0.4
Skylar Mays,LAL,38,11.4,4.1,1.1,2.2,0.6,0.1,0.5,0.396,0.296,0.765,-2.7
Spencer Dinwiddie,LAL,76,28.3,10.5,2.7,4.7,0.7,0.3,1.2,0.392,0.337,0.805,0.9
Stanley Umude,DET,24,12.8,5.3,2.1,0.5,0.3,0.3,0.6,0.44,0.453,0.906,-3.1
Stephen Curry,GSW,74,32.7,26.4,4.5,5.1,0.7,0.4,2.8,0.45,0.408,0.923,2.6
Svi Mykhailiuk,BOS,41,10.1,4.0,1.2,0.9,0.3,0.0,0.3,0.416,0.389,0.667,3.6
T.J. McConnell,IND,71,18.2,10.2,2.7,5.5,1.0,0.1,1.5,0.556,0.409,0.79,1.3
T.J. Warren,MIN,11,11.3,3.7,2.0,0.8,0.4,0.1,0.4,0.439,0.154,0.75,4.6
Taj Gibson,DET,20,10.2,1.7,1.9,0.6,0.2,0.4,0.3,0.405,0.2,1.0,-1.5
Talen Horton-Tucker,UTA,51,19.8,10.1,2.4,3.5,0.9,0.4,1.3,0.396,0.33,0.807,-2.1
Tari Eason,HOU,22,21.8,9.8,7.0,1.2,1.4,0.9,0.9,0.466,0.36,0.636,4.0
Taurean Prince,LAL,78,27.0,8.9,2.9,1.5,0.7,0.4,0.9,0.442,0.396,0.735,-1.5
Taylor Hendricks,UTA,40,21.4,7.3,4.6,0.8,0.7,0.8,0.7,0.45,0.379,0.793,-3.8
Taze Moore,POR,4,10.1,4.5,2.0,1.3,0.5,0.0,0.8,0.421,0.143,0.5,-5.5
Terance Mann,LAC,75,25.0,8.8,3.4,1.6,0.6,0.2,0.6,0.515,0.348,0.832,0.7
Terquavion Smith,PHI,16,5.3,3.3,0.3,0.8,0.5,0.0,0.4,0.391,0.371,0.6,-0.4
Terry Rozier,MIA,61,33.4,19.8,4.0,5.6,1.0,0.3,1.7,0.443,0.363,0.869,-4.8
Terry Taylor,CHI,31,6.1,1.5,1.2,0.3,0.2,0.1,0.2,0.513,0.222,0.8,0.5
Thaddeus Young,PHX,33,13.3,4.2,3.1,1.7,0.7,0.2,0.5,0.602,0.143,0.4,-1.2
Thanasis Antetokounmpo,MIL,34,4.6,0.9,0.4,0.5,0.2,0.1,0.4,0.533,0.0,0.0,-1.2
Theo Maledon,PHX,17,12.5,3.5,1.4,1.6,0.4,0.0,1.1,0.286,0.167,0.933,-3.8
Thomas Bryant,MIA,38,11.6,5.7,3.7,0.6,0.3,0.4,0.6,0.577,0.182,0.872,0.3
Tim Hardaway Jr.,DAL,79,26.8,14.4,3.2,1.8,0.5,0.1,0.9,0.402,0.353,0.852,0.2
Timmy Allen,MEM,5,25.1,2.6,3.4,1.0,0.8,0.0,0.4,0.261,0.0,0.5,-13.0
Tobias Harris,PHI,70,33.8,17.2,6.5,3.1,1.0,0.7,1.3,0.487,0.353,0.878,3.2
Torrey Craig,CHI,53,19.8,5.7,4.1,1.1,0.6,0.4,0.6,0.43,0.392,0.75,-3.4
Tosan Evbuomwan,DET,17,21.6,5.9,3.5,0.9,0.4,0.3,0.5,0.507,0.375,0.68,-7.5
Toumani Camara,POR,70,24.8,7.5,4.9,1.2,0.9,0.5,1.2,0.45,0.337,0.758,-2.7
Trae Young,ATL,54,36.0,25.7,2.8,10.8,1.3,0.2,4.4,0.43,0.373,0.855,-2.1
Trayce Jackson-Davis,GSW,68,16.6,7.9,5.0,1.2,0.4,1.1,0.7,0.702,0.0,0.561,0.5
Tre Jones,SAS,77,27.8,10.0,3.8,6.2,1.0,0.1,1.5,0.505,0.335,0.856,-0.3
Tre Mann,CHA,41,24.1,9.3,3.6,4.0,1.2,0.1,1.6,0.459,0.373,0.763,-3.1
Trendon Watford,BKN,63,13.6,6.9,3.1,1.3,0.4,0.3,1.0,0.527,0.397,0.794,-1.2
Trent Forrest,ATL,38,10.9,2.2,1.3,2.4,0.3,0.1,0.5,0.378,0.2,0.765,-2.5
Trevelin Queen,ORL,14,11.8,2.9,1.4,1.3,0.5,0.4,0.5,0.368,0.176,0.75,-0.6
Trey Jemison III,MEM,25,23.0,6.8,5.4,1.1,0.5,1.1,1.4,0.551,0.0,0.84,-4.4
Trey Lyles,SAC,58,20.0,7.2,4.4,1.2,0.3,0.3,0.7,0.445,0.384,0.7,3.1
Trey Murphy III,NOP,57,29.7,14.8,4.9,2.2,0.9,0.5,0.6,0.443,0.38,0.815,4.6
Tristan Thompson,CLE,49,11.2,3.3,3.6,1.0,0.2,0.3,0.6,0.613,0.0,0.288,-0.3
Tristan Vukcevic,WAS,10,15.3,8.5,3.6,1.3,0.5,0.7,1.0,0.433,0.278,0.773,3.2
Troy Brown Jr.,DET,59,14.0,4.2,2.4,1.0,0.4,0.1,0.5,0.372,0.333,0.865,-2.2
Ty Jerome,CLE,2,7.4,2.0,0.5,1.5,0.0,0.0,0.5,0.5,0.0,0.0,-7.0
TyTy Washington Jr.,MIL,11,5.1,1.3,0.5,0.5,0.3,0.0,0.2,0.3,0.333,0.0,-1.2
Tyler Herro,MIA,42,33.5,20.8,5.3,4.5,0.7,0.1,2.2,0.441,0.396,0.856,0.7
Tyrese Haliburton,IND,69,32.2,20.1,3.9,10.9,1.2,0.7,2.3,0.477,0.364,0.855,4.3
Tyrese Maxey,PHI,70,37.5,25.9,3.7,6.2,1.0,0.5,1.7,0.45,0.373,0.868,4.3
Tyus Jones,WAS,66,29.3,12.0,2.7,7.3,1.1,0.3,1.0,0.489,0.414,0.8,-7.5
Udoka Azubuike,PHX,16,7.1,2.2,2.0,0.2,0.1,0.4,0.3,0.696,0.0,0.231,-3.0
Usman Garuba,GSW,6,3.0,0.5,1.2,0.2,0.2,0.5,0.3,0.167,0.0,0.5,-1.8
Vasilije Micic,CHA,60,19.6,7.0,1.5,4.4,0.5,0.1,1.7,0.43,0.279,0.813,-1.2
Victor Wembanyama,SAS,71,29.7,21.4,10.6,3.9,1.2,3.6,3.7,0.465,0.325,0.796,-2.0
Vince Williams Jr.,MEM,52,27.6,10.0,5.6,3.4,0.9,0.7,1.8,0.446,0.378,0.8,-1.8
Vít Krejčí,ATL,22,24.6,6.1,2.4,2.3,0.6,0.3,0.9,0.49,0.412,0.833,0.0
Walker Kessler,UTA,64,23.3,8.1,7.5,0.9,0.5,2.4,1.0,0.654,0.211,0.602,-2.3
Wendell Carter Jr.,ORL,55,25.6,11.0,6.9,1.7,0.6,0.5,1.2,0.525,0.374,0.694,0.9
Wendell Moore Jr.,MIN,25,3.0,0.7,0.5,0.2,0.2,0.0,0.2,0.5,0.0,0.0,-0.2
Wenyen Gabriel,BOS,5,16.2,3.4,5.0,0.6,0.4,0.4,1.6,0.364,0.167,0.0,-3.2
Wesley Matthews,ATL,36,11.5,3.1,1.5,0.6,0.4,0.3,0.2,0.351,0.348,0.75,-1.9
Xavier Moon,LAC,14,8.5,2.4,1.3,1.5,0.2,0.2,0.4,0.326,0.118,0.5,-2.6
Xavier Tillman,BOS,54,18.0,5.3,3.9,1.4,0.9,0.8,0.6,0.434,0.247,0.44,-1.1
Yuta Watanabe,MEM,34,13.7,3.4,1.6,0.4,0.4,0.2,0.6,0.353,0.294,0.588,-1.9
Zach Collins,SAS,69,22.1,11.2,5.4,2.8,0.5,0.8,1.9,0.484,0.32,0.753,-5.7
Zach LaVine,CHI,25,34.9,19.5,5.2,3.9,0.8,0.3,2.1,0.452,0.349,0.854,-3.7
Zavier Simpson,DET,7,23.1,6.0,2.9,3.6,1.0,0.4,1.4,0.315,0.294,0.75,-4.1
Zeke Nnaji,DEN,58,9.9,3.2,2.2,0.6,0.3,0.7,0.5,0.463,0.261,0.677,-2.9
Ziaire Williams,MEM,51,20.3,8.2,3.5,1.5,0.7,0.2,1.3,0.397,0.307,0.827,-4.8
Zion Williamson,NOP,70,31.5,22.9,5.8,5.0,1.1,0.7,2.8,0.57,0.333,0.702,2.0
